frame1.pickle,637,533,820,542
frame2.pickle,580,522,898,513
frame3.pickle,577,511,867,510
frame4.pickle,576,520,862,519
frame5.pickle,582,516,902,511
frame6.pickle,561,546,879,526
frame7.pickle,575,534,864,526
frame8.pickle,622,527,838,520
frame9.pickle,634,513,817,529
frame10.pickle,606,532,829,530
frame11.pickle,580,514,899,510
frame12.pickle,574,514,896,508
frame13.pickle,564,540,878,531
frame14.pickle,650,525,781,518
frame15.pickle,642,519,810,513
frame16.pickle,616,526,804,519
frame17.pickle,568,514,888,509
frame18.pickle,715,515,748,512
frame19.pickle,630,529,791,526
frame20.pickle,565,557,875,536
frame21.pickle,704,525,740,519
frame22.pickle,561,537,881,536
frame23.pickle,568,536,872,538
frame24.pickle,737,527,684,536
frame25.pickle,621,520,839,509
frame26.pickle,634,513,815,525
frame27.pickle,651,503,795,538
frame28.pickle,561,544,867,541
frame29.pickle,631,528,809,529
frame30.pickle,604,530,808,526
frame31.pickle,567,505,887,517
frame32.pickle,564,544,870,530
frame33.pickle,633,513,797,524
frame34.pickle,726,510,761,506
frame35.pickle,567,512,880,524
frame36.pickle,714,509,752,505
frame37.pickle,578,509,892,504
frame38.pickle,564,520,877,521
frame39.pickle,581,515,897,508
frame40.pickle,580,541,890,518
frame41.pickle,564,548,879,524
frame42.pickle,635,517,800,510
frame43.pickle,590,513,886,505
frame44.pickle,726,502,760,505
frame45.pickle,641,525,782,517
frame46.pickle,574,516,883,510
frame47.pickle,632,520,801,513
frame48.pickle,562,538,878,534
frame49.pickle,559,545,873,531
frame50.pickle,678,523,741,524
frame51.pickle,586,517,902,503
frame52.pickle,621,520,831,507
frame53.pickle,673,522,768,522
frame54.pickle,574,534,892,524
frame55.pickle,563,543,869,525
frame56.pickle,558,560,860,532
frame57.pickle,729,507,766,504
frame58.pickle,589,518,878,506
frame59.pickle,723,510,745,511
frame60.pickle,551,559,860,532
frame61.pickle,713,512,759,508
frame62.pickle,570,532,878,526
frame63.pickle,667,523,788,525
frame64.pickle,632,538,775,538
frame65.pickle,623,524,802,511
frame66.pickle,719,513,754,504
frame67.pickle,726,502,767,498
frame68.pickle,693,502,751,510
frame69.pickle,580,534,894,516
frame70.pickle,571,519,887,514
frame71.pickle,621,527,835,518
frame72.pickle,724,513,752,509
frame73.pickle,725,514,764,511
frame74.pickle,645,512,779,526
frame75.pickle,573,517,894,508
frame76.pickle,725,509,761,510
frame77.pickle,584,513,900,507
frame78.pickle,573,531,887,522
frame79.pickle,568,527,882,518
frame80.pickle,563,549,862,533
frame81.pickle,719,507,750,504
frame82.pickle,686,517,773,516
frame83.pickle,569,536,880,514
frame84.pickle,626,522,830,519
frame85.pickle,618,521,840,511
frame86.pickle,728,506,764,506
frame87.pickle,577,529,845,537
frame88.pickle,578,525,892,503
frame89.pickle,580,507,864,507
frame90.pickle,581,516,896,507
frame91.pickle,731,504,758,500
frame92.pickle,575,523,890,508
frame93.pickle,581,514,894,505
frame94.pickle,685,522,752,523
frame95.pickle,625,543,798,530
frame96.pickle,657,530,769,526
frame97.pickle,685,494,735,493
frame98.pickle,735,497,757,493
frame99.pickle,670,523,770,516
frame100.pickle,720,521,759,516
frame101.pickle,640,514,817,508
frame102.pickle,693,529,725,525
frame103.pickle,625,516,840,505
frame104.pickle,575,536,881,533
frame105.pickle,577,541,878,528
frame106.pickle,723,513,748,508
frame107.pickle,597,539,839,527
frame108.pickle,701,520,732,518
frame109.pickle,629,509,822,500
frame110.pickle,580,533,882,528
frame111.pickle,571,543,881,532
frame112.pickle,728,502,762,499
frame113.pickle,728,506,754,507
frame114.pickle,569,504,887,513
frame115.pickle,682,515,743,511
frame116.pickle,692,525,774,522
frame117.pickle,570,555,844,534
frame118.pickle,686,560,739,499
frame119.pickle,563,542,879,534
frame120.pickle,572,535,875,522
frame121.pickle,735,502,762,498
frame122.pickle,731,511,764,505
frame123.pickle,562,540,875,526
frame124.pickle,727,508,767,506
frame125.pickle,684,498,740,499
frame126.pickle,576,515,892,510
frame127.pickle,570,526,879,527
frame128.pickle,635,522,809,510
frame129.pickle,657,505,791,505
frame130.pickle,590,533,880,523
frame131.pickle,574,528,874,528
frame132.pickle,652,520,787,520
frame133.pickle,681,518,745,519
frame134.pickle,735,507,767,507
frame135.pickle,574,541,875,520
frame136.pickle,565,550,865,521
frame137.pickle,562,560,868,535
frame138.pickle,576,525,883,514
frame139.pickle,651,523,797,511
frame140.pickle,662,522,769,516
frame141.pickle,632,504,798,501
frame142.pickle,632,518,801,507
frame143.pickle,642,516,812,501
frame144.pickle,725,509,749,503
frame145.pickle,679,527,730,524
frame146.pickle,564,548,860,542
frame147.pickle,586,535,844,530
frame148.pickle,569,540,874,531
frame149.pickle,625,543,799,531
frame150.pickle,584,511,875,513
frame151.pickle,600,527,808,530
frame152.pickle,677,504,782,514
frame153.pickle,559,539,877,533
frame154.pickle,618,530,801,529
frame155.pickle,654,515,780,527
frame156.pickle,695,520,745,518
frame157.pickle,564,555,866,533
frame158.pickle,578,514,875,513
frame159.pickle,623,529,839,520
frame160.pickle,583,509,878,515
frame161.pickle,727,508,763,507
frame162.pickle,574,526,889,511
frame163.pickle,656,516,781,522
frame164.pickle,719,510,755,514
frame165.pickle,584,530,875,515
frame166.pickle,600,544,864,525
frame167.pickle,598,559,836,537
frame168.pickle,729,504,760,499
frame169.pickle,570,546,877,526
frame170.pickle,629,502,804,492
frame171.pickle,580,525,894,510
frame172.pickle,647,521,784,527
frame173.pickle,717,507,750,504
frame174.pickle,579,545,884,536
frame175.pickle,612,526,806,515
frame176.pickle,587,536,890,522
frame177.pickle,585,517,900,510
frame178.pickle,575,513,892,507
frame179.pickle,676,518,784,520
frame180.pickle,672,509,774,515
frame181.pickle,578,518,894,509
frame182.pickle,666,521,764,516
frame183.pickle,679,504,747,500
frame184.pickle,566,535,868,540
frame185.pickle,565,550,881,521
frame186.pickle,580,523,893,515
frame187.pickle,593,517,842,507
frame188.pickle,631,520,841,510
frame189.pickle,603,525,839,521
frame190.pickle,568,515,886,511
frame191.pickle,559,548,864,538
frame192.pickle,660,504,806,501
frame193.pickle,576,535,884,517
frame194.pickle,582,551,891,529
frame195.pickle,583,522,885,519
frame196.pickle,733,508,755,506
frame197.pickle,626,506,790,499
frame198.pickle,569,549,887,528
frame199.pickle,732,506,762,508
frame200.pickle,575,512,888,523
frame201.pickle,692,527,762,524
frame202.pickle,691,523,746,517
frame203.pickle,575,541,860,528
frame204.pickle,673,494,808,505
frame205.pickle,584,521,892,512
frame206.pickle,573,520,870,524
frame207.pickle,574,511,888,516
frame208.pickle,727,512,756,512
frame209.pickle,684,517,750,523
frame210.pickle,576,533,882,513
frame211.pickle,625,511,838,511
frame212.pickle,574,516,880,511
frame213.pickle,576,508,880,512
frame214.pickle,586,511,885,507
frame215.pickle,644,511,786,534
frame216.pickle,658,518,786,528
frame217.pickle,592,533,834,532
frame218.pickle,581,521,894,516
frame219.pickle,577,519,894,515
frame220.pickle,595,517,880,510
frame221.pickle,573,543,879,541
frame222.pickle,627,510,840,506
frame223.pickle,699,528,721,523
frame224.pickle,575,529,868,528
frame225.pickle,661,516,762,520
frame226.pickle,586,524,901,523
frame227.pickle,717,513,752,510
frame228.pickle,700,523,738,522
frame229.pickle,643,533,785,524
frame230.pickle,661,509,794,513
frame231.pickle,635,513,778,506
frame232.pickle,587,536,847,533
frame233.pickle,664,522,801,518
frame234.pickle,619,532,860,526
frame235.pickle,586,514,889,507
frame236.pickle,671,532,739,526
frame237.pickle,728,511,762,511
frame238.pickle,569,542,867,531
frame239.pickle,583,519,891,509
frame240.pickle,726,507,770,506
frame241.pickle,622,532,813,525
frame242.pickle,726,498,752,492
frame243.pickle,733,503,762,503
frame244.pickle,588,538,900,529
frame245.pickle,590,505,867,507
frame246.pickle,677,517,748,509
frame247.pickle,567,535,877,520
frame248.pickle,573,533,861,524
frame249.pickle,581,509,875,510
frame250.pickle,579,537,890,524
frame251.pickle,576,515,887,512
frame252.pickle,578,537,883,529
frame253.pickle,736,501,764,501
frame254.pickle,580,512,889,509
frame255.pickle,734,514,762,510
frame256.pickle,566,523,869,508
frame257.pickle,585,535,875,521
frame258.pickle,674,544,774,545
frame259.pickle,567,554,862,531
frame260.pickle,584,514,905,508
frame261.pickle,580,513,902,500
frame262.pickle,724,507,750,502
frame263.pickle,545,566,849,535
frame264.pickle,707,518,735,517
frame265.pickle,574,542,894,521
frame266.pickle,561,539,873,518
frame267.pickle,576,508,892,501
frame268.pickle,728,502,758,501
frame269.pickle,694,505,754,517
frame270.pickle,596,529,822,520
frame271.pickle,737,507,759,509
frame272.pickle,597,536,867,521
frame273.pickle,570,535,883,514
frame274.pickle,558,516,872,513
frame275.pickle,558,557,849,527
frame276.pickle,702,519,723,514
frame277.pickle,675,520,738,515
frame278.pickle,565,556,851,534
frame279.pickle,634,509,795,500
frame280.pickle,733,507,759,504
frame281.pickle,724,507,754,505
frame282.pickle,686,501,758,505
frame283.pickle,574,547,883,531
frame284.pickle,728,512,756,505
frame285.pickle,556,526,861,523
frame286.pickle,565,551,854,531
frame287.pickle,580,512,892,506
frame288.pickle,689,534,723,531
frame289.pickle,582,507,898,541
frame290.pickle,574,547,884,520
frame291.pickle,735,496,757,497
frame292.pickle,719,502,747,501
frame293.pickle,729,505,758,502
frame294.pickle,605,519,831,515
frame295.pickle,570,540,881,538
frame296.pickle,658,523,789,513
frame297.pickle,656,523,783,515
frame298.pickle,561,537,871,529
frame299.pickle,564,523,875,521
frame300.pickle,563,538,879,539
frame301.pickle,706,519,737,517
frame302.pickle,729,507,755,502
frame303.pickle,632,508,800,510
frame304.pickle,718,505,748,500
frame305.pickle,618,517,801,516
frame306.pickle,579,513,893,503
frame307.pickle,649,509,796,515
frame308.pickle,564,543,865,539
frame309.pickle,617,519,788,514
frame310.pickle,721,513,749,509
frame311.pickle,581,538,842,521
frame312.pickle,724,513,753,508
frame313.pickle,591,542,841,531
frame314.pickle,652,511,778,509
frame315.pickle,574,540,870,533
frame316.pickle,548,560,867,527
frame317.pickle,588,511,896,506
frame318.pickle,738,503,764,503
frame319.pickle,723,507,755,507
frame320.pickle,652,529,774,527
frame321.pickle,631,516,797,506
frame322.pickle,626,527,841,516
frame323.pickle,739,507,761,504
frame324.pickle,643,511,778,501
frame325.pickle,692,502,744,498
frame326.pickle,725,513,751,511
frame327.pickle,635,533,832,525
frame328.pickle,580,532,861,534
frame329.pickle,655,524,767,513
frame330.pickle,689,520,750,510
frame331.pickle,571,514,880,518
frame332.pickle,609,505,899,530
frame333.pickle,672,526,767,510
frame334.pickle,577,531,882,526
frame335.pickle,685,524,748,520
frame336.pickle,563,545,872,530
frame337.pickle,575,507,890,512
frame338.pickle,705,521,736,517
frame339.pickle,654,505,798,507
frame340.pickle,592,539,864,531
frame341.pickle,584,526,854,520
frame342.pickle,726,509,743,509
frame343.pickle,711,512,750,514
frame344.pickle,581,523,887,510
frame345.pickle,638,520,820,514
frame346.pickle,577,518,885,513
frame347.pickle,728,503,754,500
frame348.pickle,603,522,794,519
frame349.pickle,632,524,785,516
frame350.pickle,571,541,884,533
frame351.pickle,657,501,779,501
frame352.pickle,654,521,774,513
frame353.pickle,716,496,744,500
frame354.pickle,683,512,740,513
frame355.pickle,647,509,774,519
frame356.pickle,603,537,870,528
frame357.pickle,587,515,889,506
frame358.pickle,661,514,790,508
frame359.pickle,574,531,889,511
frame360.pickle,586,532,891,521
frame361.pickle,733,496,754,496
frame362.pickle,584,542,894,530
frame363.pickle,656,513,787,515
frame364.pickle,703,521,740,523
frame365.pickle,579,536,854,523
frame366.pickle,720,515,754,514
frame367.pickle,675,494,775,499
frame368.pickle,629,505,816,499
frame369.pickle,684,518,744,516
frame370.pickle,565,527,874,534
frame371.pickle,586,520,896,504
frame372.pickle,565,514,867,514
frame373.pickle,654,503,781,515
frame374.pickle,609,540,809,532
frame375.pickle,654,520,803,513
frame376.pickle,588,512,891,506
frame377.pickle,722,509,746,507
frame378.pickle,722,501,747,499
frame379.pickle,627,520,815,522
frame380.pickle,662,510,803,531
frame381.pickle,571,551,853,531
frame382.pickle,717,509,748,510
frame383.pickle,581,534,885,523
frame384.pickle,735,504,754,499
frame385.pickle,554,520,865,529
frame386.pickle,568,546,877,528
frame387.pickle,630,524,837,515
frame388.pickle,567,539,875,520
frame389.pickle,572,543,860,536
frame390.pickle,569,541,872,532
frame391.pickle,574,536,883,515
frame392.pickle,618,505,818,509
frame393.pickle,558,558,851,533
frame394.pickle,634,527,781,527
frame395.pickle,694,525,721,523
frame396.pickle,677,512,744,501
frame397.pickle,692,525,720,522
frame398.pickle,732,503,758,503
frame399.pickle,700,552,738,485
frame400.pickle,632,524,861,512
frame401.pickle,690,559,737,489
frame402.pickle,561,541,877,532
frame403.pickle,661,519,788,520
frame404.pickle,636,519,822,510
frame405.pickle,577,541,873,528
frame406.pickle,735,501,758,499
frame407.pickle,568,539,868,532
frame408.pickle,583,530,846,509
frame409.pickle,564,540,869,536
frame410.pickle,584,511,888,508
frame411.pickle,632,507,806,514
frame412.pickle,575,546,882,538
frame413.pickle,587,540,847,527
frame414.pickle,574,536,893,523
frame415.pickle,623,529,790,521
frame416.pickle,568,510,879,514
frame417.pickle,625,517,789,520
frame418.pickle,667,527,764,511
frame419.pickle,733,497,755,496
frame420.pickle,626,517,818,500
frame421.pickle,567,511,882,515
frame422.pickle,572,512,876,509
frame423.pickle,679,517,788,522
frame424.pickle,727,505,756,507
frame425.pickle,632,519,818,512
frame426.pickle,605,544,812,525
frame427.pickle,630,520,789,522
frame428.pickle,582,514,884,509
frame429.pickle,588,540,878,521
frame430.pickle,732,503,759,502
frame431.pickle,585,517,890,509
frame432.pickle,723,514,752,508
frame433.pickle,637,534,792,530
frame434.pickle,620,522,834,510
frame435.pickle,675,523,754,528
frame436.pickle,727,508,755,508
frame437.pickle,623,516,796,508
frame438.pickle,725,512,754,509
frame439.pickle,694,575,733,498
frame440.pickle,570,528,880,513
frame441.pickle,569,508,879,510
frame442.pickle,560,547,865,534
frame443.pickle,571,528,861,535
frame444.pickle,628,521,800,514
frame445.pickle,579,533,885,511
frame446.pickle,580,517,891,506
frame447.pickle,661,503,793,506
frame448.pickle,639,514,799,495
frame449.pickle,575,535,883,541
frame450.pickle,577,541,868,528
frame451.pickle,588,514,892,511
frame452.pickle,719,509,757,508
frame453.pickle,634,506,819,498
frame454.pickle,740,510,771,510
frame455.pickle,637,516,793,501
frame456.pickle,574,543,882,528
frame457.pickle,717,513,746,515
frame458.pickle,611,533,823,525
frame459.pickle,555,559,848,528
frame460.pickle,715,509,757,510
frame461.pickle,657,507,807,514
frame462.pickle,568,537,869,529
frame463.pickle,671,527,766,524
frame464.pickle,603,516,833,533
frame465.pickle,658,514,793,527
frame466.pickle,668,516,764,512
frame467.pickle,628,506,777,503
frame468.pickle,682,524,759,507
frame469.pickle,586,542,909,539
frame470.pickle,577,548,886,531
frame471.pickle,681,507,748,499
frame472.pickle,616,524,845,506
frame473.pickle,569,557,862,533
frame474.pickle,576,535,867,532
frame475.pickle,610,531,828,526
frame476.pickle,584,512,901,504
frame477.pickle,561,540,873,527
frame478.pickle,661,500,791,510
frame479.pickle,633,520,785,533
frame480.pickle,681,516,744,509
frame481.pickle,694,557,733,487
frame482.pickle,687,552,737,489
frame483.pickle,563,531,885,527
frame484.pickle,580,539,881,512
frame485.pickle,700,555,741,481
frame486.pickle,578,517,894,510
frame487.pickle,581,505,902,535
frame488.pickle,612,533,804,528
frame489.pickle,575,506,882,510
frame490.pickle,570,537,887,520
frame491.pickle,569,536,877,534
frame492.pickle,560,530,886,527
frame493.pickle,578,513,888,503
frame494.pickle,741,501,760,499
frame495.pickle,603,551,871,522
frame496.pickle,610,509,849,505
frame497.pickle,710,518,736,517
frame498.pickle,572,500,885,511
frame499.pickle,740,501,758,503
frame500.pickle,572,503,886,518
frame501.pickle,571,503,882,517
frame502.pickle,654,512,784,512
frame503.pickle,651,512,799,509
frame504.pickle,667,526,764,517
frame505.pickle,666,524,795,508
frame506.pickle,669,519,765,510
frame507.pickle,638,515,782,512
frame508.pickle,627,526,794,516
frame509.pickle,739,505,760,508
frame510.pickle,626,516,784,505
frame511.pickle,709,517,736,520
frame512.pickle,723,517,754,515
frame513.pickle,718,516,779,538
frame514.pickle,726,503,752,504
frame515.pickle,562,532,877,536
frame516.pickle,722,505,752,505
frame517.pickle,726,509,761,509
frame518.pickle,671,530,746,527
frame519.pickle,590,512,893,506
frame520.pickle,575,530,882,508
frame521.pickle,620,505,835,498
frame522.pickle,574,537,880,531
frame523.pickle,580,522,845,515
frame524.pickle,556,552,867,533
frame525.pickle,727,502,757,503
frame526.pickle,708,516,730,515
frame527.pickle,666,526,768,515
frame528.pickle,581,540,854,526
frame529.pickle,610,518,847,513
frame530.pickle,651,520,792,524
frame531.pickle,734,505,754,504
frame532.pickle,585,512,891,505
frame533.pickle,564,555,865,540
frame534.pickle,726,511,752,506
frame535.pickle,579,506,876,510
frame536.pickle,678,562,740,502
frame537.pickle,635,522,794,515
frame538.pickle,567,539,875,524
frame539.pickle,575,535,887,520
frame540.pickle,700,525,732,527
frame541.pickle,626,515,796,507
frame542.pickle,674,543,780,542
frame543.pickle,630,514,793,510
frame544.pickle,559,530,870,529
frame545.pickle,572,532,852,521
frame546.pickle,572,543,876,523
frame547.pickle,644,509,779,525
frame548.pickle,573,506,871,512
frame549.pickle,574,501,881,502
frame550.pickle,666,511,787,510
frame551.pickle,581,506,900,507
frame552.pickle,729,510,758,504
frame553.pickle,670,520,763,509
frame554.pickle,717,511,749,506
frame555.pickle,589,511,897,505
frame556.pickle,581,518,893,514
frame557.pickle,730,512,756,506
frame558.pickle,703,517,735,516
frame559.pickle,629,523,790,508
frame560.pickle,587,520,878,508
frame561.pickle,725,507,747,506
frame562.pickle,731,503,767,507
frame563.pickle,709,513,731,509
frame564.pickle,685,509,740,515
frame565.pickle,704,512,723,509
frame566.pickle,584,540,887,527
frame567.pickle,592,531,839,533
frame568.pickle,673,526,749,524
frame569.pickle,725,505,751,507
frame570.pickle,603,514,878,504
frame571.pickle,656,502,791,508
frame572.pickle,600,541,843,528
frame573.pickle,631,516,793,495
frame574.pickle,676,539,744,537
frame575.pickle,669,524,766,512
frame576.pickle,655,517,775,507
frame577.pickle,575,550,853,538
frame578.pickle,665,521,789,521
frame579.pickle,744,487,760,488
frame580.pickle,691,516,769,518
frame581.pickle,572,507,874,506
frame582.pickle,583,535,850,526
frame583.pickle,681,559,748,509
frame584.pickle,733,502,758,504
frame585.pickle,654,509,795,512
frame586.pickle,668,512,785,516
frame587.pickle,682,548,741,491
frame588.pickle,731,503,747,501
frame589.pickle,665,529,767,520
frame590.pickle,569,540,871,536
frame591.pickle,649,520,778,511
frame592.pickle,635,519,792,504
frame593.pickle,565,544,860,533
frame594.pickle,672,520,780,525
frame595.pickle,663,521,766,512
frame596.pickle,659,513,788,507
frame597.pickle,672,509,716,514
frame598.pickle,731,506,750,502
frame599.pickle,629,523,826,510
frame600.pickle,701,523,732,518
frame601.pickle,717,527,768,525
frame602.pickle,581,509,883,504
frame603.pickle,572,539,888,526
frame604.pickle,581,535,887,522
frame605.pickle,623,525,823,522
frame606.pickle,568,547,876,534
frame607.pickle,597,512,871,501
frame608.pickle,739,506,765,510
frame609.pickle,653,502,784,536
frame610.pickle,627,515,798,512
frame611.pickle,684,517,756,508
frame612.pickle,645,512,785,508
frame613.pickle,589,507,892,529
frame614.pickle,576,529,880,508
frame615.pickle,663,528,746,519
frame616.pickle,641,513,796,514
frame617.pickle,735,500,750,503
frame618.pickle,591,525,845,522
frame619.pickle,584,515,893,515
frame620.pickle,581,536,886,519
frame621.pickle,582,519,894,511
frame622.pickle,567,540,875,524
frame623.pickle,565,535,872,526
frame624.pickle,634,518,825,510
frame625.pickle,643,520,807,513
frame626.pickle,579,543,889,535
frame627.pickle,587,535,847,515
frame628.pickle,592,501,870,499
frame629.pickle,575,507,872,514
frame630.pickle,569,549,871,541
frame631.pickle,645,509,794,498
frame632.pickle,558,550,866,550
frame633.pickle,568,538,876,520
frame634.pickle,656,520,778,524
frame635.pickle,669,522,765,510
frame636.pickle,729,509,759,505
frame637.pickle,559,551,858,536
frame638.pickle,559,545,856,539
frame639.pickle,638,517,789,513
frame640.pickle,573,532,884,524
frame641.pickle,579,540,868,527
frame642.pickle,618,516,821,509
frame643.pickle,660,508,805,501
frame644.pickle,706,520,764,514
frame645.pickle,579,523,883,505
frame646.pickle,567,521,878,525
frame647.pickle,581,531,878,508
frame648.pickle,650,518,812,513
frame649.pickle,730,508,750,508
frame650.pickle,569,536,865,526
frame651.pickle,612,511,786,509
frame652.pickle,577,512,893,503
frame653.pickle,574,534,876,519
frame654.pickle,578,529,895,523
frame655.pickle,696,516,763,515
frame656.pickle,721,512,754,510
frame657.pickle,582,515,894,504
frame658.pickle,721,507,758,503
frame659.pickle,631,518,800,505
frame660.pickle,643,538,781,494
frame661.pickle,644,519,809,502
frame662.pickle,687,511,739,515
frame663.pickle,575,513,889,502
frame664.pickle,633,518,804,520
frame665.pickle,578,504,866,500
frame666.pickle,731,505,761,505
frame667.pickle,571,540,875,524
frame668.pickle,688,511,749,517
frame669.pickle,572,539,875,532
frame670.pickle,582,506,885,503
frame671.pickle,663,526,765,515
frame672.pickle,580,532,887,507
frame673.pickle,679,516,751,516
frame674.pickle,667,518,743,518
frame675.pickle,720,507,756,503
frame676.pickle,734,500,755,496
frame677.pickle,571,535,854,532
frame678.pickle,733,504,761,504
frame679.pickle,630,506,805,509
frame680.pickle,705,516,738,517
frame681.pickle,723,511,747,504
frame682.pickle,578,509,894,496
frame683.pickle,678,526,736,520
frame684.pickle,649,505,773,508
frame685.pickle,596,528,812,522
frame686.pickle,566,544,859,530
frame687.pickle,627,522,781,522
frame688.pickle,594,533,836,530
frame689.pickle,725,508,747,502
frame690.pickle,564,536,872,522
frame691.pickle,578,543,887,519
frame692.pickle,696,524,721,524
frame693.pickle,726,502,754,495
frame694.pickle,593,545,850,533
frame695.pickle,731,502,760,502
frame696.pickle,728,509,753,503
frame697.pickle,627,521,786,506
frame698.pickle,642,516,784,519
frame699.pickle,623,523,836,516
frame700.pickle,581,526,885,512
frame701.pickle,583,511,897,505
frame702.pickle,603,529,862,518
frame703.pickle,579,528,897,516
frame704.pickle,581,517,892,510
frame705.pickle,573,521,888,514
frame706.pickle,583,520,832,528
frame707.pickle,682,519,747,512
frame708.pickle,624,510,848,505
frame709.pickle,569,540,878,530
frame710.pickle,720,504,755,500
frame711.pickle,723,510,754,504
frame712.pickle,654,512,804,515
frame713.pickle,725,507,754,502
frame714.pickle,662,499,777,497
frame715.pickle,658,543,762,523
frame716.pickle,654,494,803,511
frame717.pickle,574,541,855,530
frame718.pickle,665,527,762,518
frame719.pickle,619,530,826,520
frame720.pickle,587,532,887,527
frame721.pickle,574,513,892,507
frame722.pickle,560,554,852,528
frame723.pickle,568,500,877,512
frame724.pickle,622,526,839,510
frame725.pickle,640,515,785,517
frame726.pickle,579,521,888,512
frame727.pickle,562,552,874,525
frame728.pickle,567,511,879,508
frame729.pickle,574,533,891,507
frame730.pickle,727,506,757,500
frame731.pickle,582,520,893,507
frame732.pickle,669,518,764,521
frame733.pickle,586,534,901,528
frame734.pickle,622,519,838,507
frame735.pickle,569,543,882,519
frame736.pickle,575,508,879,513
frame737.pickle,599,529,865,517
frame738.pickle,693,528,720,524
frame739.pickle,575,523,892,514
frame740.pickle,570,533,880,514
frame741.pickle,630,521,811,511
frame742.pickle,564,542,874,522
frame743.pickle,570,509,880,507
frame744.pickle,687,522,741,513
frame745.pickle,627,509,807,491
frame746.pickle,728,508,757,504
frame747.pickle,662,516,776,511
frame748.pickle,617,525,781,518
frame749.pickle,728,506,758,501
frame750.pickle,577,532,881,534
frame751.pickle,720,511,751,512
frame752.pickle,580,534,889,530
frame753.pickle,609,531,826,526
frame754.pickle,566,531,877,533
frame755.pickle,627,521,818,515
frame756.pickle,632,512,796,513
frame757.pickle,729,510,754,502
frame758.pickle,662,514,781,512
frame759.pickle,589,513,890,504
frame760.pickle,727,508,759,506
frame761.pickle,717,511,752,512
frame762.pickle,573,513,878,512
frame763.pickle,592,505,886,531
frame764.pickle,581,539,882,523
frame765.pickle,575,511,880,507
frame766.pickle,670,525,757,512
frame767.pickle,673,518,767,510
frame768.pickle,732,505,761,501
frame769.pickle,725,509,752,506
frame770.pickle,585,514,887,504
frame771.pickle,600,531,823,520
frame772.pickle,578,553,855,530
frame773.pickle,632,511,791,494
frame774.pickle,676,516,797,508
frame775.pickle,571,525,869,521
frame776.pickle,582,514,892,510
frame777.pickle,579,537,872,515
frame778.pickle,624,528,836,518
frame779.pickle,577,507,889,503
frame780.pickle,569,538,864,519
frame781.pickle,657,521,786,508
frame782.pickle,636,515,800,505
frame783.pickle,572,516,885,503
frame784.pickle,587,518,900,508
frame785.pickle,725,509,752,507
frame786.pickle,595,517,838,510
frame787.pickle,728,500,760,495
frame788.pickle,582,517,895,508
frame789.pickle,575,540,869,526
frame790.pickle,628,515,803,502
frame791.pickle,580,517,893,507
frame792.pickle,661,520,764,513
frame793.pickle,690,521,752,522
frame794.pickle,678,527,751,522
frame795.pickle,656,510,773,520
frame796.pickle,577,540,853,526
frame797.pickle,575,527,867,521
frame798.pickle,580,512,891,509
frame799.pickle,580,516,894,507
frame800.pickle,580,547,873,534
frame801.pickle,568,544,873,525
frame802.pickle,628,511,836,512
frame803.pickle,652,529,815,530
frame804.pickle,621,521,799,509
frame805.pickle,571,516,882,512
frame806.pickle,572,551,855,542
frame807.pickle,623,524,833,510
frame808.pickle,693,559,736,484
frame809.pickle,571,516,881,511
frame810.pickle,732,508,764,503
frame811.pickle,669,537,802,532
frame812.pickle,569,550,884,546
frame813.pickle,616,520,832,510
frame814.pickle,566,538,874,525
frame815.pickle,681,539,767,533
frame816.pickle,546,548,870,527
frame817.pickle,640,506,804,511
frame818.pickle,642,533,779,522
frame819.pickle,568,538,880,522
frame820.pickle,717,511,752,503
frame821.pickle,719,507,754,505
frame822.pickle,634,517,796,505
frame823.pickle,566,552,865,539
frame824.pickle,563,529,847,515
frame825.pickle,727,511,762,506
frame826.pickle,587,512,888,503
frame827.pickle,568,509,882,510
frame828.pickle,669,525,768,514
frame829.pickle,580,512,886,508
frame830.pickle,568,534,877,515
frame831.pickle,582,519,896,513
frame832.pickle,651,525,817,519
frame833.pickle,573,554,858,530
frame834.pickle,590,508,846,504
frame835.pickle,583,517,887,509
frame836.pickle,574,514,879,510
frame837.pickle,584,513,881,507
frame838.pickle,568,557,873,533
frame839.pickle,613,525,833,514
frame840.pickle,563,562,862,534
frame841.pickle,573,519,849,521
frame842.pickle,682,523,750,522
frame843.pickle,630,533,831,527
frame844.pickle,632,529,844,525
frame845.pickle,578,514,892,503
frame846.pickle,635,509,799,499
frame847.pickle,665,522,804,511
frame848.pickle,579,548,848,530
frame849.pickle,569,534,868,516
frame850.pickle,728,505,761,500
frame851.pickle,717,516,752,511
frame852.pickle,585,519,893,512
frame853.pickle,570,544,880,530
frame854.pickle,571,554,868,533
frame855.pickle,575,535,883,526
frame856.pickle,652,514,789,511
frame857.pickle,580,540,891,524
frame858.pickle,596,542,825,526
frame859.pickle,578,543,880,529
frame860.pickle,577,538,891,538
frame861.pickle,574,551,845,534
frame862.pickle,720,513,751,509
frame863.pickle,577,559,859,537
frame864.pickle,681,519,761,508
frame865.pickle,723,505,753,506
frame866.pickle,591,517,899,512
frame867.pickle,581,541,868,529
frame868.pickle,584,537,886,519
frame869.pickle,564,525,849,532
frame870.pickle,737,500,771,497
frame871.pickle,568,535,877,536
frame872.pickle,606,529,838,519
frame873.pickle,630,520,813,517
frame874.pickle,623,515,804,505
frame875.pickle,720,514,752,510
frame876.pickle,582,518,884,505
frame877.pickle,721,517,756,513
frame878.pickle,729,510,757,507
frame879.pickle,602,525,835,519
frame880.pickle,702,516,729,515
frame881.pickle,569,539,868,537
frame882.pickle,578,537,888,510
frame883.pickle,638,519,806,522
frame884.pickle,580,516,880,507
frame885.pickle,575,544,894,528
frame886.pickle,653,524,806,515
frame887.pickle,732,508,761,501
frame888.pickle,582,537,886,523
frame889.pickle,723,513,756,509
frame890.pickle,722,507,756,500
frame891.pickle,721,513,756,509
frame892.pickle,731,504,766,498
frame893.pickle,568,516,867,515
frame894.pickle,573,542,882,525
frame895.pickle,572,527,884,510
frame896.pickle,580,533,882,510
frame897.pickle,560,520,869,516
frame898.pickle,670,532,765,525
frame899.pickle,596,539,834,519
frame900.pickle,572,524,886,509